Sensors, 82
KC, 188
Motors, 6
Schedule, 27
Sensors, 77
KC, 186
Motors, 7
Schedule, 26
Sensors, 81
KC, 190
Motors, 7
Schedule, 25
Sensors, 78
KC, 187
Motors, 7
Schedule, 25
Sensors, 81
KC, 186
Motors, 7
Schedule, 25
Sensors, 81
KC, 188
Motors, 7
Schedule, 25
Sensors, 78
KC, 188
Motors, 7
Schedule, 26
Sensors, 81
KC, 184
Motors, 7
Schedule, 26
Sensors, 80
KC, 188
Motors, 7
Schedule, 25
Sensors, 78
KC, 189
Motors, 7
Schedule, 26
Sensors, 77
KC, 185
Motors, 7
Schedule, 26
Sensors, 79
KC, 187
Motors, 7
Schedule, 25
Sensors, 84
KC, 189
Motors, 7
Schedule, 26
Sensors, 81
KC, 188
Motors, 7
Schedule, 26
Sensors, 82
KC, 184
Motors, 8
Schedule, 25
Sensors, 82
KC, 185
Motors, 7
Schedule, 26
Sensors, 82
KC, 185
Motors, 7
Schedule, 26
Sensors, 78
KC, 189
Motors, 7
Schedule, 25
Sensors, 78
KC, 182
Motors, 7
Schedule, 25
Sensors, 77
KC, 184
Motors, 7
Schedule, 26
Sensors, 82
KC, 187
Motors, 7
Schedule, 26
Sensors, 81
KC, 186
Motors, 7
Schedule, 25
Sensors, 78
KC, 182
Motors, 7
Schedule, 26
Sensors, 78
KC, 187
Motors, 7
Schedule, 25
Sensors, 81
KC, 188
Motors, 8
Schedule, 25
Sensors, 81
KC, 186
Motors, 7
Schedule, 26
Sensors, 78
KC, 183
Motors, 7
Schedule, 26
Sensors, 78
KC, 188
Motors, 6
Schedule, 26
Sensors, 78
KC, 189
Motors, 7
Schedule, 26
Sensors, 81
KC, 187
Motors, 7
Schedule, 25
Sensors, 79
KC, 187
Motors, 7
Schedule, 25
Sensors, 74
KC, 187
Motors, 7
Schedule, 26
Sensors, 81
KC, 186
Motors, 7
Schedule, 26
Sensors, 81
KC, 187
Motors, 6
Schedule, 25
Sensors, 81
KC, 186
Motors, 7
Schedule, 25
Sensors, 78
KC, 186
Motors, 7
Schedule, 26
Sensors, 75
KC, 188
Motors, 7
Schedule, 25
Sensors, 81
KC, 188
Motors, 7
Schedule, 26
Sensors, 77
KC, 183
Motors, 7
Schedule, 26
Sensors, 82
KC, 188
Motors, 7
Schedule, 26
Sensors, 78
KC, 187
Motors, 7
Schedule, 25
Sensors, 80
KC, 189
Motors, 7
Schedule, 25
Sensors, 82
KC, 185
Motors, 7
Schedule, 26
Sensors, 81
KC, 186
Motors, 7
Schedule, 26
Sensors, 82
KC, 187
Motors, 7
Schedule, 25
Sensors, 79
KC, 188
Motors, 7
Schedule, 26
Sensors, 78
KC, 188
Motors, 7
Schedule, 26
Sensors, 79
KC, 187
Motors, 7
Schedule, 26
Sensors, 78
KC, 188
Motors, 7
Schedule, 25
Sensors, 82
KC, 189
Motors, 7
Schedule, 25
Sensors, 78
KC, 186
Motors, 7
Schedule, 25
Sensors, 81
KC, 187
Motors, 7
Schedule, 26
Sensors, 79
KC, 187
Motors, 7
Schedule, 26
Sensors, 79
KC, 187
Motors, 6
Schedule, 26
Sensors, 78
KC, 188
Motors, 7
Schedule, 26
Sensors, 78
KC, 186
Motors, 7
Schedule, 25
Sensors, 83
KC, 187
Motors, 7
Schedule, 25
Sensors, 78
KC, 189
Motors, 8
Schedule, 25
Sensors, 78
KC, 188
Motors, 6
Schedule, 26
Sensors, 81
KC, 186
Motors, 6
Schedule, 25
Sensors, 81
KC, 187
Motors, 7
Schedule, 25
Sensors, 77
KC, 188
Motors, 8
Schedule, 25
Sensors, 77
KC, 187
Motors, 7
Schedule, 26
Sensors, 81
KC, 187
Motors, 7
Schedule, 25
Sensors, 82
KC, 191
Motors, 7
Schedule, 26
Sensors, 81
KC, 188
Motors, 7
Schedule, 26
Sensors, 81
KC, 188
Motors, 8
Schedule, 25
Sensors, 78
KC, 187
Motors, 7
Schedule, 26
Sensors, 82
KC, 186
Motors, 7
Schedule, 25
Sensors, 78
KC, 187
Motors, 7
Schedule, 27
Sensors, 77
KC, 188
Motors, 6
Schedule, 26
Sensors, 82
KC, 190
Motors, 7
Schedule, 26
Sensors, 81
KC, 189
Motors, 7
Schedule, 26
Sensors, 78
KC, 188
Motors, 7
Schedule, 25
Sensors, 80
KC, 189
Motors, 7
Schedule, 26
Sensors, 79
KC, 188
Motors, 7
Schedule, 26
Sensors, 83
KC, 187
Motors, 7
Schedule, 26
Sensors, 81
KC, 187
Motors, 7
Schedule, 25
Sensors, 78
KC, 189
Motors, 7
Schedule, 26
Sensors, 81
KC, 189
Motors, 7
Schedule, 25
Sensors, 81
KC, 189
Motors, 7
Schedule, 26
Sensors, 81
KC, 187
Motors, 7
Schedule, 25
Sensors, 81
KC, 188
Motors, 7
Schedule, 26
Sensors, 78
KC, 186
Motors, 7
Schedule, 25
Sensors, 81
KC, 188
Motors, 7
Schedule, 25
Sensors, 78
KC, 186
Motors, 7
Schedule, 25
Sensors, 79
KC, 188
Motors, 7
Schedule, 26
Sensors, 78
KC, 186
Motors, 7
Schedule, 25
Sensors, 78
KC, 187
Motors, 7
Schedule, 26
Sensors, 82
KC, 188
Motors, 7
Schedule, 25
Sensors, 78
KC, 188
Motors, 7
Schedule, 26
Sensors, 78
KC, 185
Motors, 7
Schedule, 26
Sensors, 78
KC, 188
Motors, 7
Schedule, 26
Sensors, 82
KC, 187
Motors, 6
Schedule, 25
Sensors, 80
KC, 189
Motors, 7
Schedule, 26
Sensors, 81
KC, 187
Motors, 7
Schedule, 25
Sensors, 78
KC, 188
Motors, 7
Schedule, 26
Sensors, 82
KC, 188
Motors, 7
Schedule, 26
Sensors, 74
KC, 189
Motors, 7
Schedule, 25
Sensors, 78
KC, 188
Motors, 7
Schedule, 25
Sensors, 77
KC, 187
Motors, 7
Schedule, 26
Sensors, 81
KC, 188
Motors, 7
Schedule, 25
Sensors, 77
KC, 188
Motors, 7
Schedule, 25
Sensors, 77
KC, 186
Motors, 7
Schedule, 25
Sensors, 82
KC, 188
Motors, 6
Schedule, 26
Sensors, 78
KC, 186
Motors, 7
Schedule, 26
Sensors, 81
KC, 187
Motors, 7
Schedule, 25
Sensors, 82
KC, 188
Motors, 7
Schedule, 25
Sensors, 81
KC, 189
Motors, 7
Schedule, 25
Sensors, 81
KC, 186
Motors, 7
Schedule, 27
Sensors, 82
KC, 188
Motors, 6
Schedule, 26
Sensors, 78
KC, 187
Motors, 7
Schedule, 26
Sensors, 79
KC, 187
Motors, 7
Schedule, 14
Sensors, 79
KC, 186
Motors, 7
Schedule, 13
Sensors, 82
KC, 187
Motors, 7
Schedule, 46
Sensors, 81
KC, 187
Motors, 7
Schedule, 41
Sensors, 80
KC, 189
Motors, 7
Schedule, 45
Sensors, 79
KC, 188
Motors, 7
Schedule, 45
Sensors, 82
KC, 187
Motors, 7
Schedule, 44
Sensors, 78
KC, 187
Motors, 7
Schedule, 44
Sensors, 79
KC, 189
Motors, 8
Schedule, 43
Sensors, 79
KC, 187
Motors, 7
Schedule, 45
Sensors, 79
KC, 188
Motors, 7
Schedule, 44
Sensors, 82
KC, 182
Motors, 7
Schedule, 45
Sensors, 83
KC, 186
Motors, 7
Schedule, 44
Sensors, 79
KC, 186
Motors, 7
Schedule, 44
Sensors, 82
KC, 188
Motors, 7
Schedule, 45
Sensors, 81
KC, 182
Motors, 7
Schedule, 44
Sensors, 83
KC, 186
Motors, 7
Schedule, 44
Sensors, 78
KC, 184
Motors, 7
Schedule, 44
Sensors, 83
KC, 186
Motors, 7
Schedule, 44
Sensors, 82
KC, 185
Motors, 7
Schedule, 44
Sensors, 79
KC, 186
Motors, 8
Schedule, 44
Sensors, 79
KC, 186
Motors, 7
Schedule, 44
Sensors, 82
KC, 188
Motors, 7
Schedule, 46
Sensors, 82
KC, 183
Motors, 7
Schedule, 44
Sensors, 78
KC, 188
Motors, 8
Schedule, 43
Sensors, 82
KC, 185
Motors, 7
Schedule, 44
Sensors, 83
KC, 186
Motors, 7
Schedule, 44
Sensors, 82
KC, 187
Motors, 7
Schedule, 44
Sensors, 82
KC, 189
Motors, 7
Schedule, 45
Sensors, 78
KC, 186
Motors, 7
Schedule, 44
Sensors, 78
KC, 187
Motors, 7
Schedule, 44
Sensors, 82
KC, 188
Motors, 7
Schedule, 44
Sensors, 81
KC, 186
Motors, 7
Schedule, 46
Sensors, 78
KC, 186
Motors, 7
Schedule, 44
Sensors, 78
KC, 187
Motors, 7
Schedule, 44
Sensors, 79
KC, 186
Motors, 7
Schedule, 44
Sensors, 80
KC, 188
Motors, 7
Schedule, 44
Sensors, 78
KC, 186
Motors, 8
Schedule, 44
Sensors, 79
KC, 189
Motors, 7
Schedule, 44
Sensors, 82
KC, 187
Motors, 7
Schedule, 44
Sensors, 78
KC, 188
Motors, 7
Schedule, 44
Sensors, 78
KC, 187
Motors, 7
Schedule, 45
Sensors, 82
KC, 187
Motors, 7
Schedule, 44
Sensors, 78
KC, 183
Motors, 7
Schedule, 44
Sensors, 78
KC, 187
Motors, 7
Schedule, 44
Sensors, 82
KC, 185
Motors, 7
Schedule, 44
Sensors, 79
KC, 188
Motors, 7
Schedule, 45
Sensors, 78
KC, 187
Motors, 7
Schedule, 44
Sensors, 82
KC, 186
Motors, 7
Schedule, 45
Sensors, 83
KC, 185
Motors, 8
Schedule, 43
Sensors, 77
KC, 186
Motors, 7
Schedule, 45
Sensors, 78
KC, 185
Motors, 7
Schedule, 44
Sensors, 78
KC, 188
Motors, 8
Schedule, 44
Sensors, 82
KC, 187
Motors, 7
Schedule, 46
Sensors, 78
KC, 187
Motors, 7
Schedule, 44
Sensors, 74
KC, 187
Motors, 7
Schedule, 44
Sensors, 82
KC, 187
Motors, 7
Schedule, 44
Sensors, 82
KC, 187
Motors, 8
Schedule, 44
