Sensors, 62
KC, 2
Motors, 6
Loop Time, 12
Sensors, 61
KC, 2
Motors, 6
Loop Time, 12
Sensors, 61
KC, 3
Motors, 5
Loop Time, 12
Sensors, 61
KC, 2
Motors, 5
Loop Time, 12
Sensors, 61
KC, 3
Motors, 5
Loop Time, 12
Sensors, 61
KC, 3
Motors, 5
Loop Time, 12
Sensors, 62
KC, 2
Motors, 6
Loop Time, 12
Sensors, 62
KC, 3
Motors, 5
Loop Time, 12
Sensors, 61
KC, 2
Motors, 6
Loop Time, 11
Sensors, 62
KC, 3
Motors, 5
Loop Time, 12
Sensors, 61
KC, 2
Motors, 5
Loop Time, 12
Sensors, 61
KC, 2
Motors, 6
Loop Time, 11
Sensors, 61
KC, 3
Motors, 5
Loop Time, 12
Sensors, 61
KC, 3
Motors, 5
Loop Time, 12
Sensors, 61
KC, 2
Motors, 5
Loop Time, 12
Sensors, 62
KC, 2
Motors, 5
Loop Time, 13
Sensors, 62
KC, 2
Motors, 5
Loop Time, 12
Sensors, 62
KC, 2
Motors, 6
Loop Time, 12
Sensors, 62
KC, 2
Motors, 6
Loop Time, 12
Sensors, 62
KC, 2
Motors, 5
Loop Time, 12
Sensors, 62
KC, 3
Motors, 5
Loop Time, 12
Sensors, 61
KC, 2
Motors, 5
Loop Time, 12
Sensors, 61
KC, 2
Motors, 5
Loop Time, 12
Sensors, 61
KC, 3
Motors, 5
Loop Time, 12
Sensors, 62
KC, 3
Motors, 5
Loop Time, 12
Sensors, 62
KC, 2
Motors, 6
Loop Time, 12
Sensors, 61
KC, 3
Motors, 5
Loop Time, 12
Sensors, 62
KC, 2
Motors, 6
Loop Time, 12
Sensors, 62
KC, 2
Motors, 6
Loop Time, 12
Sensors, 62
KC, 2
Motors, 5
Loop Time, 13
Sensors, 62
KC, 2
Motors, 6
Loop Time, 11
Sensors, 61
KC, 2
Motors, 5
Loop Time, 12
Sensors, 62
KC, 2
Motors, 6
Loop Time, 12
Sensors, 62
KC, 2
Motors, 6
Loop Time, 12
Sensors, 61
KC, 2
Motors, 5
Loop Time, 12
Sensors, 62
KC, 3
Motors, 5
Loop Time, 13
Sensors, 61
KC, 2
Motors, 6
Loop Time, 12
Sensors, 62
KC, 3
Motors, 5
Loop Time, 12
Sensors, 61
KC, 2
Motors, 5
Loop Time, 12
Sensors, 61
KC, 2
Motors, 6
Loop Time, 12
Sensors, 61
KC, 2
Motors, 5
Loop Time, 12
Sensors, 61
KC, 3
Motors, 5
Loop Time, 12
Sensors, 62
KC, 2
Motors, 6
Loop Time, 11
Sensors, 61
KC, 2
Motors, 6
Loop Time, 12
Sensors, 61
KC, 3
Motors, 5
Loop Time, 12
Sensors, 62
KC, 2
Motors, 6
Loop Time, 11
Sensors, 62
KC, 2
Motors, 5
Loop Time, 12
Sensors, 61
KC, 2
Motors, 5
Loop Time, 13
Sensors, 62
KC, 2
Motors, 6
Loop Time, 12
Sensors, 61
KC, 2
Motors, 6
Loop Time, 12
Sensors, 62
KC, 2
Motors, 6
Loop Time, 12
Sensors, 61
KC, 3
Motors, 5
Loop Time, 12
Sensors, 62
KC, 2
Motors, 6
Loop Time, 11
Sensors, 62
KC, 2
Motors, 6
Loop Time, 11
Sensors, 61
KC, 2
Motors, 6
Loop Time, 11
Sensors, 62
KC, 2
Motors, 6
Loop Time, 13
Sensors, 60
KC, 2
Motors, 6
Loop Time, 11
Sensors, 62
KC, 2
Motors, 6
Loop Time, 12
Sensors, 61
KC, 2
Motors, 5
Loop Time, 12
Sensors, 62
KC, 3
Motors, 5
Loop Time, 12
Sensors, 62
KC, 2
Motors, 5
Loop Time, 12
Sensors, 62
KC, 2
Motors, 6
Loop Time, 11
Sensors, 62
KC, 3
Motors, 5
Loop Time, 12
Sensors, 61
KC, 2
Motors, 6
Loop Time, 12
Sensors, 61
KC, 2
Motors, 5
Loop Time, 12
Sensors, 61
KC, 3
Motors, 5
Loop Time, 12
Sensors, 61
KC, 2
Motors, 6
Loop Time, 11
Sensors, 61
KC, 2
Motors, 5
Loop Time, 12
Sensors, 61
KC, 3
Motors, 5
Loop Time, 13
Sensors, 61
KC, 2
Motors, 5
Loop Time, 13
Sensors, 62
KC, 3
Motors, 6
Loop Time, 12
Sensors, 61
KC, 3
Motors, 5
Loop Time, 12
Sensors, 62
KC, 2
Motors, 6
Loop Time, 11
Sensors, 62
KC, 3
Motors, 5
Loop Time, 12
Sensors, 61
KC, 2
Motors, 5
Loop Time, 12
Sensors, 61
KC, 3
Motors, 5
Loop Time, 12
Sensors, 60
KC, 2
Motors, 5
Loop Time, 13
Sensors, 62
KC, 2
Motors, 6
Loop Time, 12
Sensors, 61
KC, 2
Motors, 5
Loop Time, 12
Sensors, 61
KC, 2
Motors, 5
Loop Time, 12
Sensors, 62
KC, 2
Motors, 5
Loop Time, 12
Sensors, 62
KC, 2
Motors, 6
Loop Time, 12
Sensors, 62
KC, 2
Motors, 6
Loop Time, 12
Sensors, 62
KC, 3
Motors, 5
Loop Time, 12
Sensors, 61
KC, 2
Motors, 5
Loop Time, 12
Sensors, 62
KC, 2
Motors, 6
Loop Time, 11
Sensors, 61
KC, 3
Motors, 6
Loop Time, 12
Sensors, 61
KC, 2
Motors, 6
Loop Time, 12
Sensors, 61
KC, 3
Motors, 5
Loop Time, 12
Sensors, 60
KC, 2
Motors, 5
Loop Time, 12
Sensors, 62
KC, 2
Motors, 6
Loop Time, 12
Sensors, 61
KC, 2
Motors, 6
Loop Time, 12
Sensors, 62
KC, 2
Motors, 6
Loop Time, 12
Sensors, 61
KC, 3
Motors, 6
Loop Time, 12
Sensors, 61
KC, 3
Motors, 5
Loop Time, 12
Sensors, 61
KC, 2
Motors, 6
Loop Time, 12
Sensors, 61
KC, 3
Motors, 5
Loop Time, 12
Sensors, 62
KC, 3
Motors, 5
Loop Time, 12
Sensors, 61
KC, 2
Motors, 6
Loop Time, 12
Sensors, 62
KC, 2
Motors, 6
Loop Time, 11
Sensors, 62
KC, 2
Motors, 6
Loop Time, 12
Sensors, 61
KC, 2
Motors, 6
Loop Time, 12
Sensors, 61
KC, 2
Motors, 5
Loop Time, 13
Sensors, 62
KC, 2
Motors, 5
Loop Time, 12
Sensors, 61
KC, 2
Motors, 5
Loop Time, 12
Sensors, 61
KC, 2
Motors, 5
Loop Time, 12
